experiment,pioreactor_unit,timestamp,event_name,message,data,timestamp_localtime,hours_since_experiment_created
06_25 Bacillus turbido,P01,2025-06-25T17:29:43.689Z,ErrorOccurred,readings are too stale (over 5 minutes old) - is `od_reading` running?. Last reading occurred at 2025-06-25 17:24:41.839000+00:00.,,2025-06-25 19:29:43,7.950833333333334
06_25 Bacillus turbido,P01,2025-06-25T17:29:58.686Z,ErrorOccurred,readings are too stale (over 5 minutes old) - is `od_reading` running?. Last reading occurred at 2025-06-25 17:24:41.839000+00:00.,,2025-06-25 19:29:58,7.955
06_25 Bacillus turbido,P01,2025-06-25T17:30:13.690Z,ErrorOccurred,readings are too stale (over 5 minutes old) - is `od_reading` running?. Last reading occurred at 2025-06-25 17:24:41.839000+00:00.,,2025-06-25 19:30:13,7.9591666666666665
06_25 Bacillus turbido,P01,2025-06-25T17:30:28.686Z,ErrorOccurred,readings are too stale (over 5 minutes old) - is `od_reading` running?. Last reading occurred at 2025-06-25 17:24:41.839000+00:00.,,2025-06-25 19:30:28,7.963333333333333
06_25 Bacillus turbido,P01,2025-06-25T17:30:43.686Z,ErrorOccurred,readings are too stale (over 5 minutes old) - is `od_reading` running?. Last reading occurred at 2025-06-25 17:24:41.839000+00:00.,,2025-06-25 19:30:43,7.9675
06_25 Bacillus turbido,P01,2025-06-25T17:30:58.685Z,ErrorOccurred,readings are too stale (over 5 minutes old) - is `od_reading` running?. Last reading occurred at 2025-06-25 17:24:41.839000+00:00.,,2025-06-25 19:30:58,7.971666666666667
06_25 Bacillus turbido,P01,2025-06-25T17:31:13.686Z,ErrorOccurred,readings are too stale (over 5 minutes old) - is `od_reading` running?. Last reading occurred at 2025-06-25 17:24:41.839000+00:00.,,2025-06-25 19:31:13,7.975833333333333
06_25 Bacillus turbido,P01,2025-06-25T17:31:28.686Z,ErrorOccurred,readings are too stale (over 5 minutes old) - is `od_reading` running?. Last reading occurred at 2025-06-25 17:24:41.839000+00:00.,,2025-06-25 19:31:28,7.98
06_25 Bacillus turbido,P01,2025-06-25T17:31:43.687Z,ErrorOccurred,readings are too stale (over 5 minutes old) - is `od_reading` running?. Last reading occurred at 2025-06-25 17:24:41.839000+00:00.,,2025-06-25 19:31:43,7.984166666666667
06_25 Bacillus turbido,P01,2025-06-25T17:31:58.687Z,ErrorOccurred,readings are too stale (over 5 minutes old) - is `od_reading` running?. Last reading occurred at 2025-06-25 17:24:41.839000+00:00.,,2025-06-25 19:31:58,7.988333333333333
06_25 Bacillus turbido,P01,2025-06-25T17:32:13.687Z,ErrorOccurred,readings are too stale (over 5 minutes old) - is `od_reading` running?. Last reading occurred at 2025-06-25 17:24:41.839000+00:00.,,2025-06-25 19:32:13,7.9925
06_25 Bacillus turbido,P01,2025-06-25T17:32:28.686Z,ErrorOccurred,readings are too stale (over 5 minutes old) - is `od_reading` running?. Last reading occurred at 2025-06-25 17:24:41.839000+00:00.,,2025-06-25 19:32:28,7.996666666666667
06_25 Bacillus turbido,P01,2025-06-25T17:32:43.686Z,ErrorOccurred,readings are too stale (over 5 minutes old) - is `od_reading` running?. Last reading occurred at 2025-06-25 17:24:41.839000+00:00.,,2025-06-25 19:32:43,8.000833333333333
06_25 Bacillus turbido,P01,2025-06-25T17:32:58.687Z,ErrorOccurred,readings are too stale (over 5 minutes old) - is `od_reading` running?. Last reading occurred at 2025-06-25 17:24:41.839000+00:00.,,2025-06-25 19:32:58,8.005
06_25 Bacillus turbido,P01,2025-06-25T17:33:13.687Z,ErrorOccurred,readings are too stale (over 5 minutes old) - is `od_reading` running?. Last reading occurred at 2025-06-25 17:24:41.839000+00:00.,,2025-06-25 19:33:13,8.009166666666667
06_25 Bacillus turbido,P01,2025-06-25T17:33:28.689Z,ErrorOccurred,readings are too stale (over 5 minutes old) - is `od_reading` running?. Last reading occurred at 2025-06-25 17:24:41.839000+00:00.,,2025-06-25 19:33:28,8.013333333333334
06_25 Bacillus turbido,P01,2025-06-25T17:33:43.686Z,ErrorOccurred,readings are too stale (over 5 minutes old) - is `od_reading` running?. Last reading occurred at 2025-06-25 17:24:41.839000+00:00.,,2025-06-25 19:33:43,8.0175
06_25 Bacillus turbido,P01,2025-06-25T20:57:57.221Z,DilutionEvent,Latest OD = 0.04 ≥ Target OD = 0.04; cycled 6.00 mL,"{""latest_od"": 0.03507666444711574, ""target_od"": 0.035, ""volume"": 6.0}",2025-06-25 22:57:57,11.421388888888888
06_25 Bacillus turbido,P01,2025-06-25T21:58:11.734Z,DilutionEvent,Latest OD = 0.04 ≥ Target OD = 0.04; cycled 6.00 mL,"{""latest_od"": 0.03509693709307797, ""target_od"": 0.035, ""volume"": 6.0}",2025-06-25 23:58:11,12.425277777777778
06_25 Bacillus turbido,P01,2025-06-25T23:03:26.736Z,DilutionEvent,Latest OD = 0.04 ≥ Target OD = 0.04; cycled 6.00 mL,"{""latest_od"": 0.03505133688094747, ""target_od"": 0.035, ""volume"": 6.0}",2025-06-26 01:03:26,13.512777777777778
06_25 Bacillus turbido,P01,2025-06-26T00:04:26.741Z,DilutionEvent,Latest OD = 0.04 ≥ Target OD = 0.04; cycled 6.00 mL,"{""latest_od"": 0.035089889811496154, ""target_od"": 0.035, ""volume"": 6.0}",2025-06-26 02:04:26,14.529444444444444
06_25 Bacillus turbido,P01,2025-06-26T01:06:41.778Z,DilutionEvent,Latest OD = 0.04 ≥ Target OD = 0.04; cycled 6.00 mL,"{""latest_od"": 0.03501376982266822, ""target_od"": 0.035, ""volume"": 6.0}",2025-06-26 03:06:41,15.566944444444445
06_25 Bacillus turbido,P01,2025-06-26T02:07:56.737Z,DilutionEvent,Latest OD = 0.04 ≥ Target OD = 0.04; cycled 6.00 mL,"{""latest_od"": 0.03502685133840471, ""target_od"": 0.035, ""volume"": 6.0}",2025-06-26 04:07:56,16.587777777777777
06_25 Bacillus turbido,P01,2025-06-26T03:05:11.732Z,DilutionEvent,Latest OD = 0.04 ≥ Target OD = 0.04; cycled 6.00 mL,"{""latest_od"": 0.03507125393968889, ""target_od"": 0.035, ""volume"": 6.0}",2025-06-26 05:05:11,17.541944444444443
06_25 Bacillus turbido,P01,2025-06-26T04:00:26.737Z,DilutionEvent,Latest OD = 0.04 ≥ Target OD = 0.04; cycled 6.00 mL,"{""latest_od"": 0.03527791529377286, ""target_od"": 0.035, ""volume"": 6.0}",2025-06-26 06:00:26,18.462777777777777
06_25 Bacillus turbido,P01,2025-06-26T04:49:41.739Z,DilutionEvent,Latest OD = 0.04 ≥ Target OD = 0.04; cycled 6.00 mL,"{""latest_od"": 0.03503730490385969, ""target_od"": 0.035, ""volume"": 6.0}",2025-06-26 06:49:41,19.28361111111111
06_25 Bacillus turbido,P01,2025-06-26T05:42:56.725Z,DilutionEvent,Latest OD = 0.04 ≥ Target OD = 0.04; cycled 6.00 mL,"{""latest_od"": 0.03510485565978981, ""target_od"": 0.035, ""volume"": 6.0}",2025-06-26 07:42:56,20.17111111111111
06_25 Bacillus turbido,P01,2025-06-26T06:42:41.736Z,DilutionEvent,Latest OD = 0.04 ≥ Target OD = 0.04; cycled 6.00 mL,"{""latest_od"": 0.035025285403658915, ""target_od"": 0.035, ""volume"": 6.0}",2025-06-26 08:42:41,21.166944444444443
06_25 Bacillus turbido,P01,2025-06-26T08:54:28.753Z,DilutionEvent,Latest OD = 0.05 ≥ Target OD = 0.04; cycled 6.00 mL,"{""latest_od"": 0.047983967898152936, ""target_od"": 0.04, ""volume"": 6.0}",2025-06-26 10:54:28,23.363333333333333
06_25 Bacillus turbido,P01,2025-06-26T09:31:43.269Z,DilutionEvent,Latest OD = 0.04 ≥ Target OD = 0.04; cycled 6.00 mL,"{""latest_od"": 0.04007566995451512, ""target_od"": 0.04, ""volume"": 6.0}",2025-06-26 11:31:43,23.984166666666667
06_25 Bacillus turbido,P01,2025-06-26T10:36:13.300Z,DilutionEvent,Latest OD = 0.04 ≥ Target OD = 0.04; cycled 6.00 mL,"{""latest_od"": 0.04008111770639708, ""target_od"": 0.04, ""volume"": 6.0}",2025-06-26 12:36:13,25.059166666666666
06_25 Bacillus turbido,P01,2025-06-26T11:36:28.278Z,DilutionEvent,Latest OD = 0.04 ≥ Target OD = 0.04; cycled 6.00 mL,"{""latest_od"": 0.040042659136239174, ""target_od"": 0.04, ""volume"": 6.0}",2025-06-26 13:36:28,26.063333333333333
06_25 Bacillus turbido,P01,2025-06-26T12:38:43.364Z,DilutionEvent,Latest OD = 0.04 ≥ Target OD = 0.04; cycled 6.00 mL,"{""latest_od"": 0.04009936104901686, ""target_od"": 0.04, ""volume"": 6.0}",2025-06-26 14:38:43,27.100833333333334
06_25 Bacillus turbido,P01,2025-06-26T13:37:13.276Z,DilutionEvent,Latest OD = 0.04 ≥ Target OD = 0.04; cycled 6.00 mL,"{""latest_od"": 0.040066716047472105, ""target_od"": 0.04, ""volume"": 6.0}",2025-06-26 15:37:13,28.075833333333332
06_25 Bacillus turbido,P02,2025-06-25T17:29:43.679Z,ErrorOccurred,readings are too stale (over 5 minutes old) - is `od_reading` running?. Last reading occurred at 2025-06-25 17:24:41.998000+00:00.,,2025-06-25 19:29:43,7.950833333333334
06_25 Bacillus turbido,P02,2025-06-25T17:29:58.666Z,ErrorOccurred,readings are too stale (over 5 minutes old) - is `od_reading` running?. Last reading occurred at 2025-06-25 17:24:41.998000+00:00.,,2025-06-25 19:29:58,7.955
06_25 Bacillus turbido,P02,2025-06-25T17:30:13.665Z,ErrorOccurred,readings are too stale (over 5 minutes old) - is `od_reading` running?. Last reading occurred at 2025-06-25 17:24:41.998000+00:00.,,2025-06-25 19:30:13,7.9591666666666665
06_25 Bacillus turbido,P02,2025-06-25T17:30:28.668Z,ErrorOccurred,readings are too stale (over 5 minutes old) - is `od_reading` running?. Last reading occurred at 2025-06-25 17:24:41.998000+00:00.,,2025-06-25 19:30:28,7.963333333333333
06_25 Bacillus turbido,P02,2025-06-25T17:30:43.666Z,ErrorOccurred,readings are too stale (over 5 minutes old) - is `od_reading` running?. Last reading occurred at 2025-06-25 17:24:41.998000+00:00.,,2025-06-25 19:30:43,7.9675
06_25 Bacillus turbido,P02,2025-06-25T17:30:58.665Z,ErrorOccurred,readings are too stale (over 5 minutes old) - is `od_reading` running?. Last reading occurred at 2025-06-25 17:24:41.998000+00:00.,,2025-06-25 19:30:58,7.971666666666667
06_25 Bacillus turbido,P02,2025-06-25T17:31:13.667Z,ErrorOccurred,readings are too stale (over 5 minutes old) - is `od_reading` running?. Last reading occurred at 2025-06-25 17:24:41.998000+00:00.,,2025-06-25 19:31:13,7.975833333333333
06_25 Bacillus turbido,P02,2025-06-25T17:31:28.666Z,ErrorOccurred,readings are too stale (over 5 minutes old) - is `od_reading` running?. Last reading occurred at 2025-06-25 17:24:41.998000+00:00.,,2025-06-25 19:31:28,7.98
06_25 Bacillus turbido,P02,2025-06-25T17:31:43.666Z,ErrorOccurred,readings are too stale (over 5 minutes old) - is `od_reading` running?. Last reading occurred at 2025-06-25 17:24:41.998000+00:00.,,2025-06-25 19:31:43,7.984166666666667
06_25 Bacillus turbido,P02,2025-06-25T17:31:58.666Z,ErrorOccurred,readings are too stale (over 5 minutes old) - is `od_reading` running?. Last reading occurred at 2025-06-25 17:24:41.998000+00:00.,,2025-06-25 19:31:58,7.988333333333333
06_25 Bacillus turbido,P02,2025-06-25T17:32:13.666Z,ErrorOccurred,readings are too stale (over 5 minutes old) - is `od_reading` running?. Last reading occurred at 2025-06-25 17:24:41.998000+00:00.,,2025-06-25 19:32:13,7.9925
06_25 Bacillus turbido,P02,2025-06-25T17:32:28.668Z,ErrorOccurred,readings are too stale (over 5 minutes old) - is `od_reading` running?. Last reading occurred at 2025-06-25 17:24:41.998000+00:00.,,2025-06-25 19:32:28,7.996666666666667
06_25 Bacillus turbido,P02,2025-06-25T17:32:43.667Z,ErrorOccurred,readings are too stale (over 5 minutes old) - is `od_reading` running?. Last reading occurred at 2025-06-25 17:24:41.998000+00:00.,,2025-06-25 19:32:43,8.000833333333333
06_25 Bacillus turbido,P02,2025-06-25T17:32:58.665Z,ErrorOccurred,readings are too stale (over 5 minutes old) - is `od_reading` running?. Last reading occurred at 2025-06-25 17:24:41.998000+00:00.,,2025-06-25 19:32:58,8.005
06_25 Bacillus turbido,P02,2025-06-25T17:33:13.666Z,ErrorOccurred,readings are too stale (over 5 minutes old) - is `od_reading` running?. Last reading occurred at 2025-06-25 17:24:41.998000+00:00.,,2025-06-25 19:33:13,8.009166666666667
06_25 Bacillus turbido,P02,2025-06-25T17:33:28.667Z,ErrorOccurred,readings are too stale (over 5 minutes old) - is `od_reading` running?. Last reading occurred at 2025-06-25 17:24:41.998000+00:00.,,2025-06-25 19:33:28,8.013333333333334
06_25 Bacillus turbido,P02,2025-06-25T17:33:43.666Z,ErrorOccurred,readings are too stale (over 5 minutes old) - is `od_reading` running?. Last reading occurred at 2025-06-25 17:24:41.998000+00:00.,,2025-06-25 19:33:43,8.0175
06_25 Bacillus turbido,P02,2025-06-25T20:24:57.211Z,DilutionEvent,Latest OD = 0.04 ≥ Target OD = 0.04; cycled 6.00 mL,"{""latest_od"": 0.0350633413411776, ""target_od"": 0.035, ""volume"": 6.0}",2025-06-25 22:24:57,10.87138888888889
06_25 Bacillus turbido,P02,2025-06-25T21:23:56.717Z,DilutionEvent,Latest OD = 0.04 ≥ Target OD = 0.04; cycled 6.00 mL,"{""latest_od"": 0.03520395618761772, ""target_od"": 0.035, ""volume"": 6.0}",2025-06-25 23:23:56,11.854444444444445
06_25 Bacillus turbido,P02,2025-06-25T22:32:56.698Z,DilutionEvent,Latest OD = 0.04 ≥ Target OD = 0.04; cycled 6.00 mL,"{""latest_od"": 0.03511155824042924, ""target_od"": 0.035, ""volume"": 6.0}",2025-06-26 00:32:56,13.004444444444445
06_25 Bacillus turbido,P02,2025-06-25T23:33:11.746Z,DilutionEvent,Latest OD = 0.04 ≥ Target OD = 0.04; cycled 6.00 mL,"{""latest_od"": 0.03500764933955358, ""target_od"": 0.035, ""volume"": 6.0}",2025-06-26 01:33:11,14.008611111111112
06_25 Bacillus turbido,P02,2025-06-26T00:35:26.749Z,DilutionEvent,Latest OD = 0.04 ≥ Target OD = 0.04; cycled 6.00 mL,"{""latest_od"": 0.035196951019201825, ""target_od"": 0.035, ""volume"": 6.0}",2025-06-26 02:35:26,15.046111111111111
06_25 Bacillus turbido,P02,2025-06-26T01:32:26.738Z,DilutionEvent,Latest OD = 0.04 ≥ Target OD = 0.04; cycled 6.00 mL,"{""latest_od"": 0.03501625833695332, ""target_od"": 0.035, ""volume"": 6.0}",2025-06-26 03:32:26,15.99611111111111
06_25 Bacillus turbido,P02,2025-06-26T02:32:11.719Z,DilutionEvent,Latest OD = 0.04 ≥ Target OD = 0.04; cycled 6.00 mL,"{""latest_od"": 0.035008830137457994, ""target_od"": 0.035, ""volume"": 6.0}",2025-06-26 04:32:11,16.991944444444446
06_25 Bacillus turbido,P02,2025-06-26T03:33:41.700Z,DilutionEvent,Latest OD = 0.04 ≥ Target OD = 0.04; cycled 6.00 mL,"{""latest_od"": 0.03501144145492431, ""target_od"": 0.035, ""volume"": 6.0}",2025-06-26 05:33:41,18.016944444444444
06_25 Bacillus turbido,P02,2025-06-26T04:22:11.719Z,DilutionEvent,Latest OD = 0.04 ≥ Target OD = 0.04; cycled 6.00 mL,"{""latest_od"": 0.03510677127305315, ""target_od"": 0.035, ""volume"": 6.0}",2025-06-26 06:22:11,18.825277777777778
06_25 Bacillus turbido,P02,2025-06-26T05:19:26.708Z,DilutionEvent,Latest OD = 0.04 ≥ Target OD = 0.04; cycled 6.00 mL,"{""latest_od"": 0.03503884950953075, ""target_od"": 0.035, ""volume"": 6.0}",2025-06-26 07:19:26,19.779444444444444
06_25 Bacillus turbido,P02,2025-06-26T05:43:26.707Z,DilutionEvent,Latest OD = 0.04 ≥ Target OD = 0.04; cycled 6.00 mL,"{""latest_od"": 0.03507822829816254, ""target_od"": 0.035, ""volume"": 6.0}",2025-06-26 07:43:26,20.179444444444446
06_25 Bacillus turbido,P02,2025-06-26T05:59:11.699Z,DilutionEvent,Latest OD = 0.04 ≥ Target OD = 0.04; cycled 6.00 mL,"{""latest_od"": 0.03509008395359603, ""target_od"": 0.035, ""volume"": 6.0}",2025-06-26 07:59:11,20.441944444444445
06_25 Bacillus turbido,P02,2025-06-26T06:04:11.709Z,DilutionEvent,Latest OD = 0.04 ≥ Target OD = 0.04; cycled 6.00 mL,"{""latest_od"": 0.035984089403231834, ""target_od"": 0.035, ""volume"": 6.0}",2025-06-26 08:04:11,20.525277777777777
06_25 Bacillus turbido,P02,2025-06-26T06:09:11.709Z,DilutionEvent,Latest OD = 0.04 ≥ Target OD = 0.04; cycled 6.00 mL,"{""latest_od"": 0.03716818073073282, ""target_od"": 0.035, ""volume"": 6.0}",2025-06-26 08:09:11,20.60861111111111
06_25 Bacillus turbido,P02,2025-06-26T06:14:11.719Z,DilutionEvent,Latest OD = 0.04 ≥ Target OD = 0.04; cycled 6.00 mL,"{""latest_od"": 0.03865263765573011, ""target_od"": 0.035, ""volume"": 6.0}",2025-06-26 08:14:11,20.691944444444445
06_25 Bacillus turbido,P02,2025-06-26T06:19:11.729Z,DilutionEvent,Latest OD = 0.04 ≥ Target OD = 0.04; cycled 6.00 mL,"{""latest_od"": 0.03870799995716195, ""target_od"": 0.035, ""volume"": 6.0}",2025-06-26 08:19:11,20.775277777777777
06_25 Bacillus turbido,P02,2025-06-26T06:24:11.723Z,DilutionEvent,Latest OD = 0.04 ≥ Target OD = 0.04; cycled 6.00 mL,"{""latest_od"": 0.03948724945756986, ""target_od"": 0.035, ""volume"": 6.0}",2025-06-26 08:24:11,20.85861111111111
06_25 Bacillus turbido,P02,2025-06-26T06:29:11.709Z,DilutionEvent,Latest OD = 0.04 ≥ Target OD = 0.04; cycled 6.00 mL,"{""latest_od"": 0.04152374685673514, ""target_od"": 0.035, ""volume"": 6.0}",2025-06-26 08:29:11,20.941944444444445
06_25 Bacillus turbido,P02,2025-06-26T06:34:11.699Z,DilutionEvent,Latest OD = 0.04 ≥ Target OD = 0.04; cycled 6.00 mL,"{""latest_od"": 0.04004145526129794, ""target_od"": 0.035, ""volume"": 6.0}",2025-06-26 08:34:11,21.025277777777777
06_25 Bacillus turbido,P02,2025-06-26T06:39:11.746Z,DilutionEvent,Latest OD = 0.04 ≥ Target OD = 0.04; cycled 6.00 mL,"{""latest_od"": 0.04161995620783917, ""target_od"": 0.035, ""volume"": 6.0}",2025-06-26 08:39:11,21.10861111111111
06_25 Bacillus turbido,P02,2025-06-26T06:44:11.717Z,DilutionEvent,Latest OD = 0.04 ≥ Target OD = 0.04; cycled 6.00 mL,"{""latest_od"": 0.04365989771876528, ""target_od"": 0.035, ""volume"": 6.0}",2025-06-26 08:44:11,21.191944444444445
06_25 Bacillus turbido,P02,2025-06-26T06:49:11.736Z,DilutionEvent,Latest OD = 0.04 ≥ Target OD = 0.04; cycled 6.00 mL,"{""latest_od"": 0.04398167318891404, ""target_od"": 0.035, ""volume"": 6.0}",2025-06-26 08:49:11,21.275277777777777
06_25 Bacillus turbido,P02,2025-06-26T06:54:11.872Z,DilutionEvent,Latest OD = 0.05 ≥ Target OD = 0.04; cycled 6.00 mL,"{""latest_od"": 0.046026819837466204, ""target_od"": 0.035, ""volume"": 6.0}",2025-06-26 08:54:11,21.35861111111111
06_25 Bacillus turbido,P02,2025-06-26T07:07:01.404Z,ErrorOccurred,"GPIO-12 is currently locked but a task is overwriting it. Either too many jobs are trying to access this pin, or a job didn't clean up properly. If your confident you can release it, use `pio cache clear pwm_locks 12 --as-int` on the command line for P02.",,2025-06-26 09:07:01,21.5725
06_25 Bacillus turbido,P02,2025-06-26T07:08:10.754Z,ErrorOccurred,"GPIO-12 is currently locked but a task is overwriting it. Either too many jobs are trying to access this pin, or a job didn't clean up properly. If your confident you can release it, use `pio cache clear pwm_locks 12 --as-int` on the command line for P02.",,2025-06-26 09:08:10,21.591666666666665
06_25 Bacillus turbido,P02,2025-06-26T07:08:25.278Z,ErrorOccurred,"GPIO-12 is currently locked but a task is overwriting it. Either too many jobs are trying to access this pin, or a job didn't clean up properly. If your confident you can release it, use `pio cache clear pwm_locks 12 --as-int` on the command line for P02.",,2025-06-26 09:08:25,21.595833333333335
06_25 Bacillus turbido,P02,2025-06-26T07:08:40.271Z,ErrorOccurred,"GPIO-12 is currently locked but a task is overwriting it. Either too many jobs are trying to access this pin, or a job didn't clean up properly. If your confident you can release it, use `pio cache clear pwm_locks 12 --as-int` on the command line for P02.",,2025-06-26 09:08:40,21.6
06_25 Bacillus turbido,P02,2025-06-26T07:08:55.266Z,ErrorOccurred,"GPIO-12 is currently locked but a task is overwriting it. Either too many jobs are trying to access this pin, or a job didn't clean up properly. If your confident you can release it, use `pio cache clear pwm_locks 12 --as-int` on the command line for P02.",,2025-06-26 09:08:55,21.604166666666668
06_25 Bacillus turbido,P02,2025-06-26T07:09:10.277Z,ErrorOccurred,"GPIO-12 is currently locked but a task is overwriting it. Either too many jobs are trying to access this pin, or a job didn't clean up properly. If your confident you can release it, use `pio cache clear pwm_locks 12 --as-int` on the command line for P02.",,2025-06-26 09:09:10,21.608333333333334
06_25 Bacillus turbido,P02,2025-06-26T07:09:12.405Z,DilutionEvent,Latest OD = 0.05 ≥ Target OD = 0.04; cycled 0.00 mL,"{""latest_od"": 0.05011029765055281, ""target_od"": 0.035, ""volume"": 0.0}",2025-06-26 09:09:12,21.608888888888888
06_25 Bacillus turbido,P02,2025-06-26T08:04:27.762Z,ErrorOccurred,"GPIO-12 is currently locked but a task is overwriting it. Either too many jobs are trying to access this pin, or a job didn't clean up properly. If your confident you can release it, use `pio cache clear pwm_locks 12 --as-int` on the command line for P02.",,2025-06-26 10:04:27,22.529722222222222
06_25 Bacillus turbido,P02,2025-06-26T08:04:42.281Z,ErrorOccurred,"GPIO-12 is currently locked but a task is overwriting it. Either too many jobs are trying to access this pin, or a job didn't clean up properly. If your confident you can release it, use `pio cache clear pwm_locks 12 --as-int` on the command line for P02.",,2025-06-26 10:04:42,22.53388888888889
06_25 Bacillus turbido,P02,2025-06-26T08:04:57.325Z,ErrorOccurred,"GPIO-12 is currently locked but a task is overwriting it. Either too many jobs are trying to access this pin, or a job didn't clean up properly. If your confident you can release it, use `pio cache clear pwm_locks 12 --as-int` on the command line for P02.",,2025-06-26 10:04:57,22.538055555555555
06_25 Bacillus turbido,P02,2025-06-26T08:05:12.282Z,ErrorOccurred,"GPIO-12 is currently locked but a task is overwriting it. Either too many jobs are trying to access this pin, or a job didn't clean up properly. If your confident you can release it, use `pio cache clear pwm_locks 12 --as-int` on the command line for P02.",,2025-06-26 10:05:12,22.54222222222222
06_25 Bacillus turbido,P02,2025-06-26T08:05:27.325Z,ErrorOccurred,"GPIO-12 is currently locked but a task is overwriting it. Either too many jobs are trying to access this pin, or a job didn't clean up properly. If your confident you can release it, use `pio cache clear pwm_locks 12 --as-int` on the command line for P02.",,2025-06-26 10:05:27,22.546388888888888
06_25 Bacillus turbido,P02,2025-06-26T08:05:42.279Z,ErrorOccurred,"GPIO-12 is currently locked but a task is overwriting it. Either too many jobs are trying to access this pin, or a job didn't clean up properly. If your confident you can release it, use `pio cache clear pwm_locks 12 --as-int` on the command line for P02.",,2025-06-26 10:05:42,22.550555555555555
06_25 Bacillus turbido,P02,2025-06-26T08:05:57.282Z,ErrorOccurred,"GPIO-12 is currently locked but a task is overwriting it. Either too many jobs are trying to access this pin, or a job didn't clean up properly. If your confident you can release it, use `pio cache clear pwm_locks 12 --as-int` on the command line for P02.",,2025-06-26 10:05:57,22.55472222222222
06_25 Bacillus turbido,P02,2025-06-26T08:05:59.412Z,DilutionEvent,Latest OD = 0.05 ≥ Target OD = 0.04; cycled 0.00 mL,"{""latest_od"": 0.05377105070521891, ""target_od"": 0.035, ""volume"": 0.0}",2025-06-26 10:05:59,22.55527777777778
06_25 Bacillus turbido,P02,2025-06-26T08:15:16.301Z,DilutionEvent,Latest OD = 0.06 ≥ Target OD = 0.04; cycled 0.00 mL,"{""latest_od"": 0.05865024529128293, ""target_od"": 0.035, ""volume"": 0.0}",2025-06-26 10:15:16,22.71
06_25 Bacillus turbido,P02,2025-06-26T08:54:54.092Z,DilutionEvent,Latest OD = 0.06 ≥ Target OD = 0.04; cycled 6.00 mL,"{""latest_od"": 0.06226025840479516, ""target_od"": 0.04, ""volume"": 6.0}",2025-06-26 10:54:54,23.370555555555555
06_25 Bacillus turbido,P02,2025-06-26T08:59:53.631Z,DilutionEvent,Latest OD = 0.06 ≥ Target OD = 0.04; cycled 6.00 mL,"{""latest_od"": 0.055115423196293145, ""target_od"": 0.04, ""volume"": 6.0}",2025-06-26 10:59:53,23.453611111111112
06_25 Bacillus turbido,P02,2025-06-26T09:04:53.634Z,DilutionEvent,Latest OD = 0.04 ≥ Target OD = 0.04; cycled 6.00 mL,"{""latest_od"": 0.0420607092709257, ""target_od"": 0.04, ""volume"": 6.0}",2025-06-26 11:04:53,23.536944444444444
06_25 Bacillus turbido,P02,2025-06-26T10:03:53.601Z,DilutionEvent,Latest OD = 0.04 ≥ Target OD = 0.04; cycled 6.00 mL,"{""latest_od"": 0.04017415548621082, ""target_od"": 0.04, ""volume"": 6.0}",2025-06-26 12:03:53,24.52027777777778
06_25 Bacillus turbido,P02,2025-06-26T11:07:38.632Z,DilutionEvent,Latest OD = 0.04 ≥ Target OD = 0.04; cycled 6.00 mL,"{""latest_od"": 0.04005735583115745, ""target_od"": 0.04, ""volume"": 6.0}",2025-06-26 13:07:38,25.58277777777778
06_25 Bacillus turbido,P02,2025-06-26T11:58:08.608Z,DilutionEvent,Latest OD = 0.04 ≥ Target OD = 0.04; cycled 6.00 mL,"{""latest_od"": 0.04068883904883715, ""target_od"": 0.04, ""volume"": 6.0}",2025-06-26 13:58:08,26.424444444444443
06_25 Bacillus turbido,P02,2025-06-26T14:33:53.650Z,DilutionEvent,Latest OD = 0.04 ≥ Target OD = 0.04; cycled 6.00 mL,"{""latest_od"": 0.040000204898830063, ""target_od"": 0.04, ""volume"": 6.0}",2025-06-26 16:33:53,29.02027777777778
06_25 Bacillus turbido,P03,2025-06-25T17:29:43.586Z,ErrorOccurred,readings are too stale (over 5 minutes old) - is `od_reading` running?. Last reading occurred at 2025-06-25 17:24:41.636000+00:00.,,2025-06-25 19:29:43,7.950833333333334
06_25 Bacillus turbido,P03,2025-06-25T17:29:58.579Z,ErrorOccurred,readings are too stale (over 5 minutes old) - is `od_reading` running?. Last reading occurred at 2025-06-25 17:24:41.636000+00:00.,,2025-06-25 19:29:58,7.955
06_25 Bacillus turbido,P03,2025-06-25T17:30:13.578Z,ErrorOccurred,readings are too stale (over 5 minutes old) - is `od_reading` running?. Last reading occurred at 2025-06-25 17:24:41.636000+00:00.,,2025-06-25 19:30:13,7.9591666666666665
06_25 Bacillus turbido,P03,2025-06-25T17:30:28.578Z,ErrorOccurred,readings are too stale (over 5 minutes old) - is `od_reading` running?. Last reading occurred at 2025-06-25 17:24:41.636000+00:00.,,2025-06-25 19:30:28,7.963333333333333
06_25 Bacillus turbido,P03,2025-06-25T17:30:43.578Z,ErrorOccurred,readings are too stale (over 5 minutes old) - is `od_reading` running?. Last reading occurred at 2025-06-25 17:24:41.636000+00:00.,,2025-06-25 19:30:43,7.9675
06_25 Bacillus turbido,P03,2025-06-25T17:30:58.578Z,ErrorOccurred,readings are too stale (over 5 minutes old) - is `od_reading` running?. Last reading occurred at 2025-06-25 17:24:41.636000+00:00.,,2025-06-25 19:30:58,7.971666666666667
06_25 Bacillus turbido,P03,2025-06-25T17:31:13.578Z,ErrorOccurred,readings are too stale (over 5 minutes old) - is `od_reading` running?. Last reading occurred at 2025-06-25 17:24:41.636000+00:00.,,2025-06-25 19:31:13,7.975833333333333
06_25 Bacillus turbido,P03,2025-06-25T17:31:28.578Z,ErrorOccurred,readings are too stale (over 5 minutes old) - is `od_reading` running?. Last reading occurred at 2025-06-25 17:24:41.636000+00:00.,,2025-06-25 19:31:28,7.98
06_25 Bacillus turbido,P03,2025-06-25T17:31:43.578Z,ErrorOccurred,readings are too stale (over 5 minutes old) - is `od_reading` running?. Last reading occurred at 2025-06-25 17:24:41.636000+00:00.,,2025-06-25 19:31:43,7.984166666666667
06_25 Bacillus turbido,P03,2025-06-25T17:31:58.578Z,ErrorOccurred,readings are too stale (over 5 minutes old) - is `od_reading` running?. Last reading occurred at 2025-06-25 17:24:41.636000+00:00.,,2025-06-25 19:31:58,7.988333333333333
06_25 Bacillus turbido,P03,2025-06-25T17:32:13.578Z,ErrorOccurred,readings are too stale (over 5 minutes old) - is `od_reading` running?. Last reading occurred at 2025-06-25 17:24:41.636000+00:00.,,2025-06-25 19:32:13,7.9925
06_25 Bacillus turbido,P03,2025-06-25T17:32:28.580Z,ErrorOccurred,readings are too stale (over 5 minutes old) - is `od_reading` running?. Last reading occurred at 2025-06-25 17:24:41.636000+00:00.,,2025-06-25 19:32:28,7.996666666666667
06_25 Bacillus turbido,P03,2025-06-25T17:32:43.578Z,ErrorOccurred,readings are too stale (over 5 minutes old) - is `od_reading` running?. Last reading occurred at 2025-06-25 17:24:41.636000+00:00.,,2025-06-25 19:32:43,8.000833333333333
06_25 Bacillus turbido,P03,2025-06-25T17:32:58.581Z,ErrorOccurred,readings are too stale (over 5 minutes old) - is `od_reading` running?. Last reading occurred at 2025-06-25 17:24:41.636000+00:00.,,2025-06-25 19:32:58,8.005
06_25 Bacillus turbido,P03,2025-06-25T17:33:13.580Z,ErrorOccurred,readings are too stale (over 5 minutes old) - is `od_reading` running?. Last reading occurred at 2025-06-25 17:24:41.636000+00:00.,,2025-06-25 19:33:13,8.009166666666667
06_25 Bacillus turbido,P03,2025-06-25T17:33:28.578Z,ErrorOccurred,readings are too stale (over 5 minutes old) - is `od_reading` running?. Last reading occurred at 2025-06-25 17:24:41.636000+00:00.,,2025-06-25 19:33:28,8.013333333333334
06_25 Bacillus turbido,P03,2025-06-25T17:33:43.578Z,ErrorOccurred,readings are too stale (over 5 minutes old) - is `od_reading` running?. Last reading occurred at 2025-06-25 17:24:41.636000+00:00.,,2025-06-25 19:33:43,8.0175
06_25 Bacillus turbido,P03,2025-06-25T19:51:26.495Z,DilutionEvent,Latest OD = 0.24 ≥ Target OD = 0.18; cycled 6.00 mL,"{""latest_od"": 0.2400002088252609, ""target_od"": 0.18, ""volume"": 6.0}",2025-06-25 21:51:26,10.312777777777777
06_25 Bacillus turbido,P03,2025-06-25T19:56:26.118Z,DilutionEvent,Latest OD = 0.18 ≥ Target OD = 0.18; cycled 6.00 mL,"{""latest_od"": 0.18330364037191568, ""target_od"": 0.18, ""volume"": 6.0}",2025-06-25 21:56:26,10.39611111111111
06_25 Bacillus turbido,P03,2025-06-25T20:48:11.134Z,DilutionEvent,Latest OD = 0.18 ≥ Target OD = 0.18; cycled 6.00 mL,"{""latest_od"": 0.18003973799107198, ""target_od"": 0.18, ""volume"": 6.0}",2025-06-25 22:48:11,11.258611111111112
06_25 Bacillus turbido,P03,2025-06-25T21:35:11.119Z,DilutionEvent,Latest OD = 0.18 ≥ Target OD = 0.18; cycled 6.00 mL,"{""latest_od"": 0.18030071439976364, ""target_od"": 0.18, ""volume"": 6.0}",2025-06-25 23:35:11,12.041944444444445
06_25 Bacillus turbido,P03,2025-06-25T22:28:26.180Z,DilutionEvent,Latest OD = 0.18 ≥ Target OD = 0.18; cycled 6.00 mL,"{""latest_od"": 0.1800924153303533, ""target_od"": 0.18, ""volume"": 6.0}",2025-06-26 00:28:26,12.929444444444444
06_25 Bacillus turbido,P03,2025-06-25T23:22:56.120Z,DilutionEvent,Latest OD = 0.18 ≥ Target OD = 0.18; cycled 6.00 mL,"{""latest_od"": 0.18019206034679083, ""target_od"": 0.18, ""volume"": 6.0}",2025-06-26 01:22:56,13.837777777777777
06_25 Bacillus turbido,P03,2025-06-26T00:16:26.147Z,DilutionEvent,Latest OD = 0.18 ≥ Target OD = 0.18; cycled 6.00 mL,"{""latest_od"": 0.18023705544931595, ""target_od"": 0.18, ""volume"": 6.0}",2025-06-26 02:16:26,14.729444444444445
06_25 Bacillus turbido,P03,2025-06-26T01:19:41.149Z,DilutionEvent,Latest OD = 0.18 ≥ Target OD = 0.18; cycled 6.00 mL,"{""latest_od"": 0.18102952767820057, ""target_od"": 0.18, ""volume"": 6.0}",2025-06-26 03:19:41,15.783611111111112
06_25 Bacillus turbido,P03,2025-06-26T02:19:11.118Z,DilutionEvent,Latest OD = 0.18 ≥ Target OD = 0.18; cycled 6.00 mL,"{""latest_od"": 0.18022414070726445, ""target_od"": 0.18, ""volume"": 6.0}",2025-06-26 04:19:11,16.775277777777777
06_25 Bacillus turbido,P03,2025-06-26T03:15:56.166Z,DilutionEvent,Latest OD = 0.18 ≥ Target OD = 0.18; cycled 6.00 mL,"{""latest_od"": 0.18012807231408995, ""target_od"": 0.18, ""volume"": 6.0}",2025-06-26 05:15:56,17.72111111111111
06_25 Bacillus turbido,P03,2025-06-26T04:04:26.142Z,DilutionEvent,Latest OD = 0.18 ≥ Target OD = 0.18; cycled 6.00 mL,"{""latest_od"": 0.18002993733115996, ""target_od"": 0.18, ""volume"": 6.0}",2025-06-26 06:04:26,18.529444444444444
06_25 Bacillus turbido,P03,2025-06-26T04:52:56.115Z,DilutionEvent,Latest OD = 0.18 ≥ Target OD = 0.18; cycled 6.00 mL,"{""latest_od"": 0.1800367289711452, ""target_od"": 0.18, ""volume"": 6.0}",2025-06-26 06:52:56,19.337777777777777
06_25 Bacillus turbido,P03,2025-06-26T06:04:56.106Z,DilutionEvent,Latest OD = 0.18 ≥ Target OD = 0.18; cycled 6.00 mL,"{""latest_od"": 0.18001178892813458, ""target_od"": 0.18, ""volume"": 6.0}",2025-06-26 08:04:56,20.537777777777777
06_25 Bacillus turbido,P03,2025-06-26T06:53:11.111Z,DilutionEvent,Latest OD = 0.18 ≥ Target OD = 0.18; cycled 6.00 mL,"{""latest_od"": 0.18069348463562324, ""target_od"": 0.18, ""volume"": 6.0}",2025-06-26 08:53:11,21.341944444444444
06_25 Bacillus turbido,P03,2025-06-26T08:55:14.826Z,DilutionEvent,Latest OD = 0.23 ≥ Target OD = 0.18; cycled 6.00 mL,"{""latest_od"": 0.22666827000108156, ""target_od"": 0.18, ""volume"": 6.0}",2025-06-26 10:55:14,23.37611111111111
06_25 Bacillus turbido,P03,2025-06-26T09:20:29.277Z,DilutionEvent,Latest OD = 0.18 ≥ Target OD = 0.18; cycled 6.00 mL,"{""latest_od"": 0.18032711214412045, ""target_od"": 0.18, ""volume"": 6.0}",2025-06-26 11:20:29,23.796944444444446
06_25 Bacillus turbido,P03,2025-06-26T10:18:14.279Z,DilutionEvent,Latest OD = 0.18 ≥ Target OD = 0.18; cycled 6.00 mL,"{""latest_od"": 0.18103416957230462, ""target_od"": 0.18, ""volume"": 6.0}",2025-06-26 12:18:14,24.759444444444444
06_25 Bacillus turbido,P03,2025-06-26T11:08:44.287Z,DilutionEvent,Latest OD = 0.18 ≥ Target OD = 0.18; cycled 6.00 mL,"{""latest_od"": 0.18059153483873602, ""target_od"": 0.18, ""volume"": 6.0}",2025-06-26 13:08:44,25.601111111111113
06_25 Bacillus turbido,P03,2025-06-26T12:00:14.325Z,DilutionEvent,Latest OD = 0.18 ≥ Target OD = 0.18; cycled 6.00 mL,"{""latest_od"": 0.1802492488314646, ""target_od"": 0.18, ""volume"": 6.0}",2025-06-26 14:00:14,26.459444444444443
06_25 Bacillus turbido,P03,2025-06-26T12:55:44.287Z,DilutionEvent,Latest OD = 0.18 ≥ Target OD = 0.18; cycled 6.00 mL,"{""latest_od"": 0.18025282868151438, ""target_od"": 0.18, ""volume"": 6.0}",2025-06-26 14:55:44,27.384444444444444
06_25 Bacillus turbido,P03,2025-06-26T13:53:44.276Z,DilutionEvent,Latest OD = 0.18 ≥ Target OD = 0.18; cycled 6.00 mL,"{""latest_od"": 0.18029880740235626, ""target_od"": 0.18, ""volume"": 6.0}",2025-06-26 15:53:44,28.351111111111113
06_25 Bacillus turbido,P05,2025-06-25T17:29:43.568Z,ErrorOccurred,readings are too stale (over 5 minutes old) - is `od_reading` running?. Last reading occurred at 2025-06-25 17:24:41.649000+00:00.,,2025-06-25 19:29:43,7.950833333333334
06_25 Bacillus turbido,P05,2025-06-25T17:29:58.562Z,ErrorOccurred,readings are too stale (over 5 minutes old) - is `od_reading` running?. Last reading occurred at 2025-06-25 17:24:41.649000+00:00.,,2025-06-25 19:29:58,7.955
06_25 Bacillus turbido,P05,2025-06-25T17:30:13.561Z,ErrorOccurred,readings are too stale (over 5 minutes old) - is `od_reading` running?. Last reading occurred at 2025-06-25 17:24:41.649000+00:00.,,2025-06-25 19:30:13,7.9591666666666665
06_25 Bacillus turbido,P05,2025-06-25T17:30:28.564Z,ErrorOccurred,readings are too stale (over 5 minutes old) - is `od_reading` running?. Last reading occurred at 2025-06-25 17:24:41.649000+00:00.,,2025-06-25 19:30:28,7.963333333333333
06_25 Bacillus turbido,P05,2025-06-25T17:30:43.564Z,ErrorOccurred,readings are too stale (over 5 minutes old) - is `od_reading` running?. Last reading occurred at 2025-06-25 17:24:41.649000+00:00.,,2025-06-25 19:30:43,7.9675
06_25 Bacillus turbido,P05,2025-06-25T17:30:58.562Z,ErrorOccurred,readings are too stale (over 5 minutes old) - is `od_reading` running?. Last reading occurred at 2025-06-25 17:24:41.649000+00:00.,,2025-06-25 19:30:58,7.971666666666667
06_25 Bacillus turbido,P05,2025-06-25T17:31:13.564Z,ErrorOccurred,readings are too stale (over 5 minutes old) - is `od_reading` running?. Last reading occurred at 2025-06-25 17:24:41.649000+00:00.,,2025-06-25 19:31:13,7.975833333333333
06_25 Bacillus turbido,P05,2025-06-25T17:31:28.562Z,ErrorOccurred,readings are too stale (over 5 minutes old) - is `od_reading` running?. Last reading occurred at 2025-06-25 17:24:41.649000+00:00.,,2025-06-25 19:31:28,7.98
06_25 Bacillus turbido,P05,2025-06-25T17:31:43.561Z,ErrorOccurred,readings are too stale (over 5 minutes old) - is `od_reading` running?. Last reading occurred at 2025-06-25 17:24:41.649000+00:00.,,2025-06-25 19:31:43,7.984166666666667
06_25 Bacillus turbido,P05,2025-06-25T17:31:58.564Z,ErrorOccurred,readings are too stale (over 5 minutes old) - is `od_reading` running?. Last reading occurred at 2025-06-25 17:24:41.649000+00:00.,,2025-06-25 19:31:58,7.988333333333333
06_25 Bacillus turbido,P05,2025-06-25T17:32:13.561Z,ErrorOccurred,readings are too stale (over 5 minutes old) - is `od_reading` running?. Last reading occurred at 2025-06-25 17:24:41.649000+00:00.,,2025-06-25 19:32:13,7.9925
06_25 Bacillus turbido,P05,2025-06-25T17:32:28.562Z,ErrorOccurred,readings are too stale (over 5 minutes old) - is `od_reading` running?. Last reading occurred at 2025-06-25 17:24:41.649000+00:00.,,2025-06-25 19:32:28,7.996666666666667
06_25 Bacillus turbido,P05,2025-06-25T17:32:43.562Z,ErrorOccurred,readings are too stale (over 5 minutes old) - is `od_reading` running?. Last reading occurred at 2025-06-25 17:24:41.649000+00:00.,,2025-06-25 19:32:43,8.000833333333333
06_25 Bacillus turbido,P05,2025-06-25T17:32:58.562Z,ErrorOccurred,readings are too stale (over 5 minutes old) - is `od_reading` running?. Last reading occurred at 2025-06-25 17:24:41.649000+00:00.,,2025-06-25 19:32:58,8.005
06_25 Bacillus turbido,P05,2025-06-25T17:33:13.562Z,ErrorOccurred,readings are too stale (over 5 minutes old) - is `od_reading` running?. Last reading occurred at 2025-06-25 17:24:41.649000+00:00.,,2025-06-25 19:33:13,8.009166666666667
06_25 Bacillus turbido,P05,2025-06-25T17:33:28.561Z,ErrorOccurred,readings are too stale (over 5 minutes old) - is `od_reading` running?. Last reading occurred at 2025-06-25 17:24:41.649000+00:00.,,2025-06-25 19:33:28,8.013333333333334
06_25 Bacillus turbido,P05,2025-06-25T17:33:43.562Z,ErrorOccurred,readings are too stale (over 5 minutes old) - is `od_reading` running?. Last reading occurred at 2025-06-25 17:24:41.649000+00:00.,,2025-06-25 19:33:43,8.0175
06_25 Bacillus turbido,P05,2025-06-25T19:51:26.492Z,DilutionEvent,Latest OD = 0.25 ≥ Target OD = 0.18; cycled 6.00 mL,"{""latest_od"": 0.2480142465425264, ""target_od"": 0.18, ""volume"": 6.0}",2025-06-25 21:51:26,10.312777777777777
06_25 Bacillus turbido,P05,2025-06-25T19:56:26.099Z,DilutionEvent,Latest OD = 0.26 ≥ Target OD = 0.18; cycled 6.00 mL,"{""latest_od"": 0.26404044631281526, ""target_od"": 0.18, ""volume"": 6.0}",2025-06-25 21:56:26,10.39611111111111
06_25 Bacillus turbido,P05,2025-06-25T20:01:26.103Z,DilutionEvent,Latest OD = 0.38 ≥ Target OD = 0.18; cycled 6.00 mL,"{""latest_od"": 0.38085279619904283, ""target_od"": 0.18, ""volume"": 6.0}",2025-06-25 22:01:26,10.479444444444445
06_25 Bacillus turbido,P05,2025-06-25T20:07:56.099Z,DilutionEvent,Latest OD = 0.23 ≥ Target OD = 0.18; cycled 6.00 mL,"{""latest_od"": 0.22649711815499993, ""target_od"": 0.18, ""volume"": 6.0}",2025-06-25 22:07:56,10.587777777777777
06_25 Bacillus turbido,P05,2025-06-25T23:35:41.144Z,DilutionEvent,Latest OD = 0.18 ≥ Target OD = 0.18; cycled 6.00 mL,"{""latest_od"": 0.1809228387705467, ""target_od"": 0.18, ""volume"": 6.0}",2025-06-26 01:35:41,14.050277777777778
06_25 Bacillus turbido,P05,2025-06-26T01:55:26.103Z,DilutionEvent,Latest OD = 0.18 ≥ Target OD = 0.18; cycled 6.00 mL,"{""latest_od"": 0.18118926820277081, ""target_od"": 0.18, ""volume"": 6.0}",2025-06-26 03:55:26,16.379444444444445
06_25 Bacillus turbido,P05,2025-06-26T03:07:26.126Z,DilutionEvent,Latest OD = 0.18 ≥ Target OD = 0.18; cycled 6.00 mL,"{""latest_od"": 0.1801077900885023, ""target_od"": 0.18, ""volume"": 6.0}",2025-06-26 05:07:26,17.579444444444444
06_25 Bacillus turbido,P05,2025-06-26T04:01:26.131Z,DilutionEvent,Latest OD = 0.18 ≥ Target OD = 0.18; cycled 6.00 mL,"{""latest_od"": 0.18079510079041783, ""target_od"": 0.18, ""volume"": 6.0}",2025-06-26 06:01:26,18.479444444444443
06_25 Bacillus turbido,P05,2025-06-26T04:59:11.104Z,DilutionEvent,Latest OD = 0.18 ≥ Target OD = 0.18; cycled 6.00 mL,"{""latest_od"": 0.1813322214500086, ""target_od"": 0.18, ""volume"": 6.0}",2025-06-26 06:59:11,19.441944444444445
06_25 Bacillus turbido,P05,2025-06-26T06:10:41.112Z,DilutionEvent,Latest OD = 0.18 ≥ Target OD = 0.18; cycled 6.00 mL,"{""latest_od"": 0.18072501590365586, ""target_od"": 0.18, ""volume"": 6.0}",2025-06-26 08:10:41,20.63361111111111
06_25 Bacillus turbido,P05,2025-06-26T07:21:50.010Z,DilutionEvent,Latest OD = 0.18 ≥ Target OD = 0.16; cycled 6.00 mL,"{""latest_od"": 0.17992179259137203, ""target_od"": 0.16, ""volume"": 6.0}",2025-06-26 09:21:50,21.819444444444443
06_25 Bacillus turbido,P05,2025-06-26T08:55:37.335Z,DilutionEvent,Latest OD = 0.19 ≥ Target OD = 0.13; cycled 6.00 mL,"{""latest_od"": 0.18718688037005754, ""target_od"": 0.13, ""volume"": 6.0}",2025-06-26 10:55:37,23.3825
06_25 Bacillus turbido,P05,2025-06-26T09:00:36.766Z,DilutionEvent,Latest OD = 0.14 ≥ Target OD = 0.13; cycled 6.00 mL,"{""latest_od"": 0.13891226895079387, ""target_od"": 0.13, ""volume"": 6.0}",2025-06-26 11:00:36,23.465555555555557
06_25 Bacillus turbido,P05,2025-06-26T09:47:06.762Z,DilutionEvent,Latest OD = 0.13 ≥ Target OD = 0.13; cycled 6.00 mL,"{""latest_od"": 0.13029319195291023, ""target_od"": 0.13, ""volume"": 6.0}",2025-06-26 11:47:06,24.240555555555556
06_25 Bacillus turbido,P05,2025-06-26T10:37:21.761Z,DilutionEvent,Latest OD = 0.13 ≥ Target OD = 0.13; cycled 6.00 mL,"{""latest_od"": 0.13007248292564283, ""target_od"": 0.13, ""volume"": 6.0}",2025-06-26 12:37:21,25.078055555555554
06_25 Bacillus turbido,P05,2025-06-26T11:28:51.776Z,DilutionEvent,Latest OD = 0.13 ≥ Target OD = 0.13; cycled 6.00 mL,"{""latest_od"": 0.13030266108898697, ""target_od"": 0.13, ""volume"": 6.0}",2025-06-26 13:28:51,25.93638888888889
06_25 Bacillus turbido,P05,2025-06-26T12:21:21.779Z,DilutionEvent,Latest OD = 0.13 ≥ Target OD = 0.13; cycled 6.00 mL,"{""latest_od"": 0.1302570609143749, ""target_od"": 0.13, ""volume"": 6.0}",2025-06-26 14:21:21,26.81138888888889
06_25 Bacillus turbido,P05,2025-06-26T13:13:36.779Z,DilutionEvent,Latest OD = 0.13 ≥ Target OD = 0.13; cycled 6.00 mL,"{""latest_od"": 0.13012829637750667, ""target_od"": 0.13, ""volume"": 6.0}",2025-06-26 15:13:36,27.682222222222222
06_25 Bacillus turbido,P05,2025-06-26T14:06:51.764Z,DilutionEvent,Latest OD = 0.13 ≥ Target OD = 0.13; cycled 6.00 mL,"{""latest_od"": 0.13047464334225256, ""target_od"": 0.13, ""volume"": 6.0}",2025-06-26 16:06:51,28.56972222222222
06_25 Bacillus turbido,P09,2025-06-25T19:54:41.754Z,DilutionEvent,Latest OD = 0.08 ≥ Target OD = 0.07; cycled 6.00 mL,"{""latest_od"": 0.08306740559532125, ""target_od"": 0.075, ""volume"": 6.0}",2025-06-25 21:54:41,10.366944444444444
06_25 Bacillus turbido,P09,2025-06-25T19:59:41.226Z,DilutionEvent,Latest OD = 0.25 ≥ Target OD = 0.07; cycled 6.00 mL,"{""latest_od"": 0.25040854074508834, ""target_od"": 0.075, ""volume"": 6.0}",2025-06-25 21:59:41,10.450277777777778
06_25 Bacillus turbido,P09,2025-06-25T20:07:41.222Z,DilutionEvent,Latest OD = 0.08 ≥ Target OD = 0.07; cycled 6.00 mL,"{""latest_od"": 0.07551350791201888, ""target_od"": 0.075, ""volume"": 6.0}",2025-06-25 22:07:41,10.58361111111111
06_25 Bacillus turbido,P09,2025-06-26T07:00:48.814Z,DilutionEvent,Latest OD = 0.16 ≥ Target OD = 0.10; cycled 6.00 mL,"{""latest_od"": 0.16497314627967846, ""target_od"": 0.1, ""volume"": 6.0}",2025-06-26 09:00:48,21.468888888888888
06_25 Bacillus turbido,P09,2025-06-26T07:05:48.447Z,DilutionEvent,Latest OD = 0.10 ≥ Target OD = 0.10; cycled 6.00 mL,"{""latest_od"": 0.10172741641394896, ""target_od"": 0.1, ""volume"": 6.0}",2025-06-26 09:05:48,21.552222222222223
06_25 Bacillus turbido,P09,2025-06-26T11:11:24.376Z,DilutionEvent,Latest OD = 0.13 ≥ Target OD = 0.13; cycled 6.00 mL,"{""latest_od"": 0.13046909355531616, ""target_od"": 0.13, ""volume"": 6.0}",2025-06-26 13:11:24,25.645555555555557
06_25 Bacillus turbido,P09,2025-06-26T13:59:38.980Z,DilutionEvent,Latest OD = 0.13 ≥ Target OD = 0.13; cycled 6.00 mL,"{""latest_od"": 0.13013892111914455, ""target_od"": 0.13, ""volume"": 6.0}",2025-06-26 15:59:38,28.449444444444445
06_25 Bacillus turbido,P11,2025-06-25T17:29:43.582Z,ErrorOccurred,readings are too stale (over 5 minutes old) - is `od_reading` running?. Last reading occurred at 2025-06-25 17:24:41.711000+00:00.,,2025-06-25 19:29:43,7.950833333333334
06_25 Bacillus turbido,P11,2025-06-25T17:29:58.574Z,ErrorOccurred,readings are too stale (over 5 minutes old) - is `od_reading` running?. Last reading occurred at 2025-06-25 17:24:41.711000+00:00.,,2025-06-25 19:29:58,7.955
06_25 Bacillus turbido,P11,2025-06-25T17:30:13.574Z,ErrorOccurred,readings are too stale (over 5 minutes old) - is `od_reading` running?. Last reading occurred at 2025-06-25 17:24:41.711000+00:00.,,2025-06-25 19:30:13,7.9591666666666665
06_25 Bacillus turbido,P11,2025-06-25T17:30:28.574Z,ErrorOccurred,readings are too stale (over 5 minutes old) - is `od_reading` running?. Last reading occurred at 2025-06-25 17:24:41.711000+00:00.,,2025-06-25 19:30:28,7.963333333333333
06_25 Bacillus turbido,P11,2025-06-25T17:30:43.574Z,ErrorOccurred,readings are too stale (over 5 minutes old) - is `od_reading` running?. Last reading occurred at 2025-06-25 17:24:41.711000+00:00.,,2025-06-25 19:30:43,7.9675
06_25 Bacillus turbido,P11,2025-06-25T17:30:58.574Z,ErrorOccurred,readings are too stale (over 5 minutes old) - is `od_reading` running?. Last reading occurred at 2025-06-25 17:24:41.711000+00:00.,,2025-06-25 19:30:58,7.971666666666667
06_25 Bacillus turbido,P11,2025-06-25T17:31:13.574Z,ErrorOccurred,readings are too stale (over 5 minutes old) - is `od_reading` running?. Last reading occurred at 2025-06-25 17:24:41.711000+00:00.,,2025-06-25 19:31:13,7.975833333333333
06_25 Bacillus turbido,P11,2025-06-25T17:31:28.574Z,ErrorOccurred,readings are too stale (over 5 minutes old) - is `od_reading` running?. Last reading occurred at 2025-06-25 17:24:41.711000+00:00.,,2025-06-25 19:31:28,7.98
06_25 Bacillus turbido,P11,2025-06-25T17:31:43.573Z,ErrorOccurred,readings are too stale (over 5 minutes old) - is `od_reading` running?. Last reading occurred at 2025-06-25 17:24:41.711000+00:00.,,2025-06-25 19:31:43,7.984166666666667
06_25 Bacillus turbido,P11,2025-06-25T17:31:58.574Z,ErrorOccurred,readings are too stale (over 5 minutes old) - is `od_reading` running?. Last reading occurred at 2025-06-25 17:24:41.711000+00:00.,,2025-06-25 19:31:58,7.988333333333333
06_25 Bacillus turbido,P11,2025-06-25T17:32:13.574Z,ErrorOccurred,readings are too stale (over 5 minutes old) - is `od_reading` running?. Last reading occurred at 2025-06-25 17:24:41.711000+00:00.,,2025-06-25 19:32:13,7.9925
06_25 Bacillus turbido,P11,2025-06-25T17:32:28.574Z,ErrorOccurred,readings are too stale (over 5 minutes old) - is `od_reading` running?. Last reading occurred at 2025-06-25 17:24:41.711000+00:00.,,2025-06-25 19:32:28,7.996666666666667
06_25 Bacillus turbido,P11,2025-06-25T17:32:43.575Z,ErrorOccurred,readings are too stale (over 5 minutes old) - is `od_reading` running?. Last reading occurred at 2025-06-25 17:24:41.711000+00:00.,,2025-06-25 19:32:43,8.000833333333333
06_25 Bacillus turbido,P11,2025-06-25T17:32:58.573Z,ErrorOccurred,readings are too stale (over 5 minutes old) - is `od_reading` running?. Last reading occurred at 2025-06-25 17:24:41.711000+00:00.,,2025-06-25 19:32:58,8.005
06_25 Bacillus turbido,P11,2025-06-25T17:33:13.574Z,ErrorOccurred,readings are too stale (over 5 minutes old) - is `od_reading` running?. Last reading occurred at 2025-06-25 17:24:41.711000+00:00.,,2025-06-25 19:33:13,8.009166666666667
06_25 Bacillus turbido,P11,2025-06-25T17:33:28.574Z,ErrorOccurred,readings are too stale (over 5 minutes old) - is `od_reading` running?. Last reading occurred at 2025-06-25 17:24:41.711000+00:00.,,2025-06-25 19:33:28,8.013333333333334
06_25 Bacillus turbido,P11,2025-06-25T17:33:43.574Z,ErrorOccurred,readings are too stale (over 5 minutes old) - is `od_reading` running?. Last reading occurred at 2025-06-25 17:24:41.711000+00:00.,,2025-06-25 19:33:43,8.0175
06_25 Bacillus turbido,P11,2025-06-25T19:51:26.648Z,DilutionEvent,Latest OD = 0.20 ≥ Target OD = 0.18; cycled 6.00 mL,"{""latest_od"": 0.20305163823495861, ""target_od"": 0.18, ""volume"": 6.0}",2025-06-25 21:51:26,10.312777777777777
06_25 Bacillus turbido,P11,2025-06-25T20:27:26.287Z,DilutionEvent,Latest OD = 0.18 ≥ Target OD = 0.18; cycled 6.00 mL,"{""latest_od"": 0.18121678058140545, ""target_od"": 0.18, ""volume"": 6.0}",2025-06-25 22:27:26,10.912777777777778
06_25 Bacillus turbido,P11,2025-06-25T21:24:41.300Z,DilutionEvent,Latest OD = 0.18 ≥ Target OD = 0.18; cycled 6.00 mL,"{""latest_od"": 0.1844476433612816, ""target_od"": 0.18, ""volume"": 6.0}",2025-06-25 23:24:41,11.866944444444444
06_25 Bacillus turbido,P11,2025-06-25T22:18:26.277Z,DilutionEvent,Latest OD = 0.18 ≥ Target OD = 0.18; cycled 6.00 mL,"{""latest_od"": 0.18070781366292754, ""target_od"": 0.18, ""volume"": 6.0}",2025-06-26 00:18:26,12.762777777777778
06_25 Bacillus turbido,P11,2025-06-25T23:12:41.337Z,DilutionEvent,Latest OD = 0.18 ≥ Target OD = 0.18; cycled 6.00 mL,"{""latest_od"": 0.18003885658845298, ""target_od"": 0.18, ""volume"": 6.0}",2025-06-26 01:12:41,13.666944444444445
06_25 Bacillus turbido,P11,2025-06-26T00:15:56.307Z,DilutionEvent,Latest OD = 0.18 ≥ Target OD = 0.18; cycled 6.00 mL,"{""latest_od"": 0.1805027288673085, ""target_od"": 0.18, ""volume"": 6.0}",2025-06-26 02:15:56,14.721111111111112
06_25 Bacillus turbido,P11,2025-06-26T01:13:56.290Z,DilutionEvent,Latest OD = 0.18 ≥ Target OD = 0.18; cycled 6.00 mL,"{""latest_od"": 0.18161052575076925, ""target_od"": 0.18, ""volume"": 6.0}",2025-06-26 03:13:56,15.687777777777777
06_25 Bacillus turbido,P11,2025-06-26T02:05:26.274Z,DilutionEvent,Latest OD = 0.18 ≥ Target OD = 0.18; cycled 6.00 mL,"{""latest_od"": 0.18092155944620897, ""target_od"": 0.18, ""volume"": 6.0}",2025-06-26 04:05:26,16.54611111111111
06_25 Bacillus turbido,P11,2025-06-26T03:03:11.261Z,DilutionEvent,Latest OD = 0.18 ≥ Target OD = 0.18; cycled 6.00 mL,"{""latest_od"": 0.18016352501379923, ""target_od"": 0.18, ""volume"": 6.0}",2025-06-26 05:03:11,17.50861111111111
06_25 Bacillus turbido,P11,2025-06-26T03:50:11.290Z,DilutionEvent,Latest OD = 0.18 ≥ Target OD = 0.18; cycled 6.00 mL,"{""latest_od"": 0.1804237211791826, ""target_od"": 0.18, ""volume"": 6.0}",2025-06-26 05:50:11,18.291944444444443
06_25 Bacillus turbido,P11,2025-06-26T04:23:11.313Z,DilutionEvent,Latest OD = 0.18 ≥ Target OD = 0.18; cycled 6.00 mL,"{""latest_od"": 0.18022740072855337, ""target_od"": 0.18, ""volume"": 6.0}",2025-06-26 06:23:11,18.841944444444444
06_25 Bacillus turbido,P11,2025-06-26T05:04:56.282Z,DilutionEvent,Latest OD = 0.18 ≥ Target OD = 0.18; cycled 6.00 mL,"{""latest_od"": 0.18014534703444307, ""target_od"": 0.18, ""volume"": 6.0}",2025-06-26 07:04:56,19.537777777777777
06_25 Bacillus turbido,P11,2025-06-26T05:43:11.286Z,DilutionEvent,Latest OD = 0.18 ≥ Target OD = 0.18; cycled 6.00 mL,"{""latest_od"": 0.18002903052709096, ""target_od"": 0.18, ""volume"": 6.0}",2025-06-26 07:43:11,20.17527777777778
06_25 Bacillus turbido,P11,2025-06-26T06:42:26.303Z,DilutionEvent,Latest OD = 0.18 ≥ Target OD = 0.18; cycled 6.00 mL,"{""latest_od"": 0.1811416445670161, ""target_od"": 0.18, ""volume"": 6.0}",2025-06-26 08:42:26,21.162777777777777
06_25 Bacillus turbido,P11,2025-06-26T07:32:45.977Z,DilutionEvent,Latest OD = 0.16 ≥ Target OD = 0.15; cycled 6.00 mL,"{""latest_od"": 0.16141559051124402, ""target_od"": 0.15, ""volume"": 6.0}",2025-06-26 09:32:45,22.00138888888889
06_25 Bacillus turbido,P11,2025-06-26T08:06:30.606Z,DilutionEvent,Latest OD = 0.15 ≥ Target OD = 0.15; cycled 6.00 mL,"{""latest_od"": 0.1501437922010156, ""target_od"": 0.15, ""volume"": 6.0}",2025-06-26 10:06:30,22.56388888888889
06_25 Bacillus turbido,P11,2025-06-26T09:32:15.749Z,DilutionEvent,Latest OD = 0.15 ≥ Target OD = 0.15; cycled 6.00 mL,"{""latest_od"": 0.15054616119571668, ""target_od"": 0.15, ""volume"": 6.0}",2025-06-26 11:32:15,23.993055555555557
06_25 Bacillus turbido,P11,2025-06-26T10:45:00.400Z,DilutionEvent,Latest OD = 0.15 ≥ Target OD = 0.15; cycled 6.00 mL,"{""latest_od"": 0.1500612998432243, ""target_od"": 0.15, ""volume"": 6.0}",2025-06-26 12:45:00,25.205555555555556
06_25 Bacillus turbido,P11,2025-06-26T11:56:45.359Z,DilutionEvent,Latest OD = 0.15 ≥ Target OD = 0.15; cycled 6.00 mL,"{""latest_od"": 0.15006460443763764, ""target_od"": 0.15, ""volume"": 6.0}",2025-06-26 13:56:45,26.40138888888889
06_25 Bacillus turbido,P11,2025-06-26T13:12:30.369Z,DilutionEvent,Latest OD = 0.15 ≥ Target OD = 0.15; cycled 6.00 mL,"{""latest_od"": 0.15039095989696016, ""target_od"": 0.15, ""volume"": 6.0}",2025-06-26 15:12:30,27.663888888888888
06_25 Bacillus turbido,P11,2025-06-26T14:13:00.413Z,DilutionEvent,Latest OD = 0.15 ≥ Target OD = 0.13; cycled 6.00 mL,"{""latest_od"": 0.14591451635949065, ""target_od"": 0.13, ""volume"": 6.0}",2025-06-26 16:13:00,28.67222222222222
06_25 Bacillus turbido,P11,2025-06-26T14:39:00.378Z,DilutionEvent,Latest OD = 0.13 ≥ Target OD = 0.13; cycled 6.00 mL,"{""latest_od"": 0.1300202275496677, ""target_od"": 0.13, ""volume"": 6.0}",2025-06-26 16:39:00,29.105555555555554
